<?xml version="1.0" encoding="UTF-8"?><?xml-stylesheet type='text/xsl' href='_UpgradeReport_Files/UpgradeReport.xslt'?><UpgradeLog>
<Properties><Property Name="Solution" Value="HRArasca">
</Property><Property Name="Solution File" Value="E:\Projects\Disassembly\HRArasca.sln">
</Property><Property Name="Date" Value="Wednesday, February 22, 2017">
</Property><Property Name="Time" Value="9:24 AM">
</Property></Properties><Event ErrorLevel="4" Project="HRArasca" Source="http://go.microsoft.com/fwlink/?LinkId=159919" Description="Warning: this project requires Crystal Reports, which is no longer included with Visual Studio. Please click here for more information.">
</Event><Event ErrorLevel="1" Project="HRArasca" Source="HRArasca\HRArasca.csproj" Description="Your project is targeting .NET Framework 2.0 or 3.0. If your project uses assemblies requiring a newer .NET Framework, your project will fail to build. You can change the .NET Framework version by clicking Properties on the project menu and then selecting a new version in the '.NET Framework' dropdown box. (In Visual Basic, this is located on the Compile tab by clicking the 'Advanced Compiler Options...' button.)">
</Event><Event ErrorLevel="0" Project="HRArasca" Source="HRArasca\HRArasca.csproj" Description="Project converted successfully">
</Event><Event ErrorLevel="3" Project="HRArasca" Source="HRArasca\HRArasca.csproj" Description="Converted">
</Event><Event ErrorLevel="0" Project="" Source="HRArasca.sln" Description="Solution converted successfully">
</Event><Event ErrorLevel="3" Project="" Source="HRArasca.sln" Description="Converted">
</Event><Event ErrorLevel="0" Project="HRArasca" Source="HRArasca\HRArasca.csproj" Description="Scan complete: Upgrade not required for project files.">
</Event></UpgradeLog>